variable,coefficient,abs_coefficient
M2SL,4241.5056833554645,4241.5056833554645
USD_Index,-3740.5917718451487,3740.5917718451487
Yield_10Y,2223.3515831602135,2223.3515831602135
